{"usuarios":["{\"nombre\":\"rosa\",\"mail\":\"Rosa@gmail.com\",\"usuario\":\"rosa\",\"password\":\"$2y$10$UpZTUR05xGmB0RF8m2te4ucv3m6IcqhPi4kLqeb\\\/6lxd6DXr95AGm\"}","{\"nombre\":\"mariela\",\"mail\":\"marielafloridia@hotmail.com\",\"usuario\":\"mariela\",\"password\":\"$2y$10$.R7rTM9RZCDMe1f.ZQudaOk5QlNl\\\/T8f2ymIr3QgqeJVkwEocPnXq\"}","{\"nombre\":\"Agus\",\"mail\":\"a@hotmail.com\",\"usuario\":\"Agus\",\"password\":\"$2y$10$neXPk7RrfClOQVsHSos.dOsxaH00Mfyt9P7TNMpch0Ij9p\\\/oYRl.K\"}","{\"nombre\":\"tuti\",\"mail\":\"tuti@tuti.com\",\"usuario\":\"tuti\",\"password\":\"$2y$10$5hNnMlzhBOITr52gkZac7eHYFMP1k\\\/d7pGzIVdsShuxni24ZXBpQe\"}","{\"nombre\":\"tuti\",\"mail\":\"tuti@tuti.com\",\"usuario\":\"tuti\",\"password\":\"$2y$10$lRQNJfqCuHbg7GVjTqPn3OwknIq1v2Yhiihy3Pn7WQF28tM4i2cEa\"}","{\"nombre\":\"Ris\",\"mail\":\"ris@ris.com\",\"usuario\":\"Ris\",\"password\":\"$2y$10$gb\\\/tmjiBBixxn5wECmXF3uK8yDerPMNxIz7IYSABOeCqKAxcM0u8a\",\"avatar\":\"C:\\\\xampp\\\\htdocs\\\\Quick_Quiz\\\\qq_mariela\\\/avatar\\\/5b23b860dd17b.jpg\"}","{\"nombre\":\"Ris\",\"mail\":\"ris@ris.com\",\"usuario\":\"Ris\",\"password\":\"$2y$10$5aFkkBs.AwulMPd5Gty9yeTE1ttqZ4UqfpjYzALRFvGVj4W1rTGda\",\"avatar\":\"avatar\\\/5b23bc99b2af6.jpg\"}","{\"nombre\":\"Risi\",\"mail\":\"ris@ris.com\",\"usuario\":\"Risi\",\"password\":\"$2y$10$cgMwWFQ3wYjKS90G7rP6X.93GlcTjQA6CDx59CD4nhnnLXHBYnVLC\",\"avatar\":\"\\\/avatar\\\/5b23d9a618dc3.jpg\"}","{\"nombre\":\"Risto\",\"mail\":\"ris@ris.com\",\"usuario\":\"Risto\",\"password\":\"$2y$10$XTzP38W1BmMzvFEGZUq8EuGW97vSjcy4LgQbl11t7y9Orj.YygG8e\",\"avatar\":\"5b23dfb7eeb5d.jpg\"}","{\"nombre\":\"loquero\",\"mail\":\"0@algo.com\",\"usuario\":\"loquero\",\"password\":\"$2y$10$2kyeBCLQWL6YnWU4eDuzBuKwILzssatCvUtIHg\\\/gSZlyHpaPBxnP2\",\"avatar\":\"5b28ef0d19d8e.jpg\"}","{\"nombre\":\"loquero\",\"mail\":\"0@algo.com\",\"usuario\":\"loquero\",\"password\":\"$2y$10$qu7PZU4FYzfxbYgRsIFTt.0bK0\\\/LALWQ6371gPpGEhUNsQa\\\/xGUfa\",\"avatar\":null}","{\"nombre\":\"loquero\",\"mail\":\"0@algo.com\",\"usuario\":\"loquero\",\"password\":\"$2y$10$h\\\/ujWR74f\\\/knJ1zRHKQ4xuuk0VAEd2uKuQMjH9IMVCLXKjeD61V32\",\"avatar\":null}"]}